word,tupled_annos,first_resolve,manual_resolve,resolve_type,ontological_resolve,notes
debvoir,"('O', 'O')",O,O,,,
kennise,"('O', 'O')",O,O,,,
te,"('O', 'O')",O,O,,,
laten,"('O', 'O')",O,O,,,
toecomen,"('O', 'B-Translocation')","('O', 'B-Translocation')",B-Translocation,M,,
",","('O', 'O')",O,O,,,
Even,"('O', 'O')",O,O,,,
als,"('O', 'O')",O,O,,,
wij,"('O', 'O')",O,O,,,
bij,"('O', 'O')",O,O,,,
die,"('O', 'O')",O,O,,,
van,"('O', 'O')",O,O,,,
den,"('O', 'O')",O,O,,,
20„e,"('O', 'O')",O,O,,,
xb,"('O', 'O')",O,O,,,
:,"('O', 'O')",O,O,,,
haer,"('O', 'O')",O,O,,,
nopende,"('O', 'O')",O,O,,,
de,"('O', 'O')",O,O,,,
zijde,"('O', 'O')",O,O,,,
Leverantie,"('B-Trade', 'B-Trade')",B-Trade,B-Trade,A,,
voor,"('O', 'O')",O,O,,,
dit,"('O', 'O')",O,O,,,
9,"('O', 'O')",O,O,,,
Jaer,"('O', 'O')",O,O,,,
hebben,"('O', 'O')",O,O,,,
gedaen,"('O', 'O')",O,O,,,
",","('O', 'O')",O,O,,,
en,"('O', 'O')",O,O,,,
g'ordonneerd,"('B-Request', 'B-ForceToAct')","('B-Request', 'B-ForceToAct')",B-Request,M,,
",","('O', 'O')",O,O,,,
die,"('O', 'O')",O,O,,,
des,"('O', 'O')",O,O,,,
mogelijk,"('O', 'O')",O,O,,,
in,"('O', 'O')",O,O,,,
de,"('O', 'O')",O,O,,,
moolen,"('O', 'O')",O,O,,,
te,"('O', 'O')",O,O,,,
helpen,"('O', 'O')",O,O,,,
",","('O', 'O')",O,O,,,
ook,"('O', 'O')",O,O,,,
gequalificeerd,"('O', 'O')",O,O,,,
",","('O', 'O')",O,O,,,
soo,"('O', 'O')",O,O,,,
dat,"('O', 'O')",O,O,,,
niet,"('O', 'O')",O,O,,,
Lucken,"('O', 'O')",O,O,,,
wilde,"('O', 'O')",O,O,,,
;,"('O', 'O')",O,O,,,
en,"('O', 'O')",O,O,,,
mier,"('O', 'O')",O,O,,,
sahit,"('O', 'O')",O,O,,,
inhamet,"('O', 'O')",O,O,,,
halsterrig,"('O', 'O')",O,O,,,
en,"('O', 'O')",O,O,,,
oneanderlijk,"('O', 'O')",O,O,,,
op,"('O', 'O')",O,O,,,
de,"('O', 'O')",O,O,,,
zijde,"('O', 'O')",O,O,,,
Leverantie,"('O', 'B-Trade')","('O', 'B-Trade')",B-Trade,M,,
aendrong,"('O', 'B-ForceToAct')","('O', 'B-ForceToAct')",B-ForceToAct,M,,
die,"('O', 'O')",O,O,,,
te,"('O', 'O')",O,O,,,
ontfangen,"('B-Getting', 'B-Getting')",B-Getting,B-Getting,A,,
",","('O', 'O')",O,O,,,
sampt,"('O', 'O')",O,O,,,
bij,"('O', 'O')",O,O,,,
die,"('O', 'O')",O,O,,,
van,"('O', 'O')",O,O,,,
den,"('O', 'O')",O,O,,,
29„e,"('O', 'O')",O,O,,,
daer,"('O', 'O')",O,O,,,
aen,"('O', 'O')",O,O,,,
volgende,"('O', 'O')",O,O,,,
en,"('O', 'O')",O,O,,,
15„e,"('O', 'O')",O,O,,,
Jan,"('O', 'O')",O,O,,,
:,"('O', 'O')",O,O,,,
haer,"('O', 'O')",O,O,,,
indagtigd,"('O', 'O')",O,O,,,
",","('O', 'O')",O,O,,,
want,"('O', 'O')",O,O,,,
dat,"('O', 'O')",O,O,,,
was,"('O', 'O')",O,O,,,
al,"('O', 'O')",O,O,,,
meede,"('O', 'O')",O,O,,,
vergecten,"('O', 'O')",O,O,,,
",","('O', 'O')",O,O,,,
niet,"('O', 'O')",O,O,,,
tegenstaende,"('O', 'O')",O,O,,,
haer,"('O', 'O')",O,O,,,
op,"('O', 'O')",O,O,,,
den,"('O', 'O')",O,O,,,
15„e,"('O', 'O')",O,O,,,
maij,"('O', 'O')",O,O,,,
daer,"('O', 'O')",O,O,,,
over,"('O', 'O')",O,O,,,
gebruijkte,"('O', 'O')",O,O,,,
breeder,"('O', 'O')",O,O,,,
resonnementen,"('O', 'O')",O,O,,,
",","('O', 'O')",O,O,,,
miet,"('O', 'O')",O,O,,,
sahit,"('O', 'O')",O,O,,,
inhamed,"('O', 'O')",O,O,,,
op,"('O', 'O')",O,O,,,
ontfangst,"('B-Getting', 'B-Getting')",B-Getting,B-Getting,A,,
van,"('O', 'O')",O,O,,,
dat,"('O', 'O')",O,O,,,
„,"('O', 'O')",O,O,,,
schrijvens,"('O', 'O')",O,O,,,
",","('O', 'O')",O,O,,,
dato,"('O', 'O')",O,O,,,
29„e,"('O', 'O')",O,O,,,
xb,"('O', 'O')",O,O,,,
:,"('O', 'O')",O,O,,,
te,"('O', 'O')",O,O,,,
laten,"('O', 'O')",O,O,,,
versoecken,"('B-Request', 'O')","('B-Request', 'O')",B-Request,M,,
",","('O', 'O')",O,O,,,
dat,"('O', 'O')",O,O,,,
hij,"('O', 'O')",O,O,,,
ten,"('O', 'O')",O,O,,,
Eersten,"('O', 'O')",O,O,,,
zomee,"('O', 'O')",O,O,,,
conconerenordre,"('B-ForceToAct', 'B-Buying')","('B-ForceToAct', 'B-Buying')",B-ForceToAct,M,,
geliefde,"('I-ForceToAct', 'O')","('I-ForceToAct', 'O')",I-ForceToAct,M,,
te,"('I-ForceToAct', 'O')","('I-ForceToAct', 'O')",I-ForceToAct,M,,
stellen,"('I-ForceToAct', 'O')","('I-ForceToAct', 'O')",I-ForceToAct,M,,
",","('O', 'O')",O,O,,,
aen,"('O', 'O')",O,O,,,
wie,"('O', 'O')",O,O,,,
dat,"('O', 'O')",O,O,,,
men,"('O', 'O')",O,O,,,
",","('O', 'O')",O,O,,,
de,"('O', 'O')",O,O,,,
gestipuleerde,"('O', 'O')",O,O,,,
recognitie,"('O', 'O')",O,O,,,
goederen,"('O', 'O')",O,O,,,
nu,"('O', 'O')",O,O,,,
geeven,"('B-Giving', 'B-Giving')",B-Giving,B-Giving,A,,
bal,"('O', 'O')",O,O,,,
",","('O', 'O')",O,O,,,
en,"('O', 'O')",O,O,,,
niet,"('O', 'O')",O,O,,,
verpligt,"('O', 'B-ForceToAct')","('O', 'B-ForceToAct')",B-ForceToAct,M,,
",","('O', 'O')",O,O,,,
als,"('O', 'O')",O,O,,,
pro,"('O', 'O')",O,O,,,
dato,"('O', 'O')",O,O,,,
soo,"('O', 'O')",O,O,,,
Lange,"('O', 'O')",O,O,,,
aen,"('B-HavingInPossession', 'B-HavingInPossession')",B-HavingInPossession,B-HavingInPossession,A,,
tehouden,"('I-HavingInPossession', 'I-HavingInPossession')",I-HavingInPossession,I-HavingInPossession,A,,
",","('O', 'O')",O,O,,,
sulx,"('O', 'O')",O,O,,,
thans,"('O', 'O')",O,O,,,
de,"('O', 'O')",O,O,,,
zijde,"('O', 'O')",O,O,,,
buijten,"('O', 'O')",O,O,,,
belastinge,"('O', 'B-FinancialTransaction')","('O', 'B-FinancialTransaction')",B-FinancialTransaction,M,,
daer,"('O', 'O')",O,O,,,
van,"('O', 'O')",O,O,,,
overgaet,"('B-Translocation', 'O')","('B-Translocation', 'O')",B-Translocation,M,,
",","('O', 'O')",O,O,,,
en,"('O', 'O')",O,O,,,
na,"('O', 'O')",O,O,,,
deesen,"('O', 'O')",O,O,,,
dat,"('O', 'O')",O,O,,,
bedragen,"('O', 'O')",O,O,,,
",","('O', 'O')",O,O,,,
eerst,"('O', 'O')",O,O,,,
het,"('O', 'O')",O,O,,,
comptoir,"('O', 'O')",O,O,,,
generael,"('O', 'O')",O,O,,,
aengereekend,"('B-FinancialTransaction', 'B-FinancialTransaction')",B-FinancialTransaction,B-FinancialTransaction,A,,
;,"('O', 'I-FinancialTransaction')","('O', 'I-FinancialTransaction')",I-FinancialTransaction,M,,
en,"('O', 'I-FinancialTransaction')","('O', 'I-FinancialTransaction')",I-FinancialTransaction,M,,
ten,"('B-FinancialTransaction', 'I-FinancialTransaction')","('B-FinancialTransaction', 'I-FinancialTransaction')",I-FinancialTransaction,AM,,
Lasten,"('I-FinancialTransaction', 'I-FinancialTransaction')",I-FinancialTransaction,I-FinancialTransaction,A,,
gebragt,"('I-FinancialTransaction', 'I-FinancialTransaction')",I-FinancialTransaction,I-FinancialTransaction,A,,
sal,"('O', 'O')",O,O,,,
kunnen,"('O', 'O')",O,O,,,
werden,"('O', 'O')",O,O,,,
",","('O', 'O')",O,O,,,
met,"('O', 'O')",O,O,,,
ons,"('O', 'O')",O,O,,,
wijders,"('O', 'O')",O,O,,,
voor,"('O', 'O')",O,O,,,
soo,"('O', 'O')",O,O,,,
veel,"('O', 'O')",O,O,,,
t,"('O', 'O')",O,O,,,
comp,"('O', 'O')",O,O,,,
:,"('O', 'O')",O,O,,,
s,"('O', 'O')",O,O,,,
spahan,"('O', 'O')",O,O,,,
belangd,"('O', 'O')",O,O,,,
",","('O', 'O')",O,O,,,
aen,"('O', 'O')",O,O,,,
de,"('O', 'O')",O,O,,,
verwisselde,"('O', 'B-Translocation')","('O', 'B-Translocation')",O,M,,
en,"('O', 'O')",O,O,,,
nu,"('O', 'O')",O,O,,,
in,"('O', 'O')",O,O,,,
Copia,"('O', 'O')",O,O,,,
overgaende,"('B-Translocation', 'B-Translocation')",B-Translocation,B-Translocation,A,,
brieven,"('O', 'O')",O,O,,,
te,"('O', 'O')",O,O,,,
gedraagen,"('O', 'O')",O,O,,,
",","('O', 'O')",O,O,,,
gelijk,"('O', 'O')",O,O,,,
ook,"('O', 'O')",O,O,,,
in,"('O', 'O')",O,O,,,
alle,"('O', 'O')",O,O,,,
onderdanigh,"('O', 'O')",O,O,,,
„,"('O', 'O')",O,O,,,
t,"('O', 'O')",O,O,,,
",","('O', 'O')",O,O,,,
met,"('O', 'O')",O,O,,,
die,"('O', 'O')",O,O,,,
nu,"('O', 'O')",O,O,,,
na,"('O', 'O')",O,O,,,
de,"('O', 'O')",O,O,,,
westerse,"('O', 'O')",O,O,,,
Comp,"('O', 'O')",O,O,,,
=,"('O', 'O')",O,O,,,
e,"('O', 'O')",O,O,,,
ver,"('O', 'O')",O,O,,,
werdenff,"('O', 'O')",O,O,,,
erersonden,"('B-Translocation', 'B-Translocation')",B-Translocation,B-Translocation,A,,
",","('O', 'O')",O,O,,,
geschied,"('O', 'O')",O,O,,,
",","('O', 'O')",O,O,,,
en,"('O', 'O')",O,O,,,
bestaet,"('O', 'O')",O,O,,,
het,"('O', 'O')",O,O,,,
affgeladene,"('B-Transportation', 'B-Transportation')",B-Transportation,B-Transportation,A,,
ede,"('B-Transportation', 'O')","('B-Transportation', 'O')",O,M,,These rows are not present in the newer version of transcriptions....
te,"('B-Transportation', 'O')","('B-Transportation', 'O')",O,M,,
tegenwoordig,"('B-Transportation', 'O')","('B-Transportation', 'O')",O,M,,
in,"('B-Transportation', 'O')","('B-Transportation', 'O')",O,M,,
de,"('B-Transportation', 'O')","('B-Transportation', 'O')",O,M,,
2,"('B-Transportation', 'O')","('B-Transportation', 'O')",O,M,,
meerged,"('O', 'O')",O,O,,,
„,"('O', 'O')",O,O,,,
te,"('O', 'O')",O,O,,,
scheepen,"('O', 'O')",O,O,,,
",","('O', 'O')",O,O,,,
in,"('O', 'O')",O,O,,,
het,"('O', 'O')",O,O,,,
volgende,"('O', 'O')",O,O,,,
teweeten,"('O', 'O')",O,O,,,
\n,\n,\n,\n,,,
„,"('O', 'O')",O,O,,,
de,"('O', 'O')",O,O,,,
de,"('O', 'O')",O,O,,,
geslipuleerde,"('O', 'O')",O,O,,,
revognitie,"('O', 'O')",O,O,,,
penningen,"('O', 'O')",O,O,,,
.,"('O', 'O')",O,O,,,
\n,\n,\n,\n,,,
wat,"('O', 'O')",O,O,,,
bij,"('O', 'O')",O,O,,,
de,"('O', 'O')",O,O,,,
bediendens,"('O', 'O')",O,O,,,
tot,"('O', 'O')",O,O,,,
pahan,"('O', 'O')",O,O,,,
",","('O', 'O')",O,O,,,
weegens,"('O', 'O')",O,O,,,
de,"('O', 'O')",O,O,,,
Leverantie,"('O', 'B-Trade')","('O', 'B-Trade')",B-Trade,M,,
van,"('O', 'O')",O,O,,,
dat,"('O', 'O')",O,O,,,
gebp,"('O', 'O')",O,O,,,
in,"('O', 'O')",O,O,,,
",","('O', 'O')",O,O,,,
voorhet,"('O', 'O')",O,O,,,
aenstaende,"('O', 'O')",O,O,,,
jaer,"('O', 'O')",O,O,,,
hebben,"('O', 'O')",O,O,,,
\n,\n,\n,\n,,,
voor,"('O', 'B-Transportation')","('O', 'B-Transportation')",O,,,Need to think about this (and following cases) where 'voor [PLACE]' indicates a transportation event
s,"('O', 'I-Transportation')","('O', 'I-Transportation')",O,,,
vaderland,"('O', 'I-Transportation')","('O', 'I-Transportation')",O,,,
Jn,"('O', 'O')",O,O,,,
de,"('O', 'O')",O,O,,,
prins,"('O', 'O')",O,O,,,
Lugenuss,"('O', 'O')",O,O,,,
.,"('O', 'O')",O,O,,,
22140,"('O', 'O')",O,O,,,
lb,"('O', 'O')",O,O,,,
kirmanse,"('O', 'O')",O,O,,,
2vol,"('O', 'O')",O,O,,,
in,"('O', 'O')",O,O,,,
246,"('O', 'O')",O,O,,,
balen,"('O', 'O')",O,O,,,
27000,"('O', 'O')",O,O,,,
„,"('O', 'O')",O,O,,,
zijde,"('O', 'O')",O,O,,,
in,"('O', 'O')",O,O,,,
180,"('O', 'O')",O,O,,,
voor,"('O', 'B-Transportation')","('O', 'B-Transportation')",O,,,
batavia,"('O', 'I-Transportation')","('O', 'I-Transportation')",O,,,
Totx,"('O', 'O')",O,O,,,
paerden,"('O', 'O')",O,O,,,
vaer,"('O', 'O')",O,O,,,
van,"('O', 'O')",O,O,,,
dat,"('O', 'O')",O,O,,,
er,"('O', 'O')",O,O,,,
4,"('O', 'O')",O,O,,,
voor,"('O', 'O')",O,O,,,
bengalen,"('O', 'O')",O,O,,,
zijn,"('O', 'O')",O,O,,,
.,"('O', 'O')",O,O,,,
3000,"('O', 'O')",O,O,,,
„,"('O', 'O')",O,O,,,
disse,"('O', 'O')",O,O,,,
bocke,"('O', 'O')",O,O,,,
vellen,"('O', 'O')",O,O,,,
38,"('O', 'O')",O,O,,,
„,"('O', 'O')",O,O,,,
phelpen,"('O', 'O')",O,O,,,
116,"('O', 'O')",O,O,,,
lb,"('O', 'O')",O,O,,,
thuijn,"('O', 'O')",O,O,,,
Laden,"('O', 'O')",O,O,,,
1000,"('O', 'O')",O,O,,,
„,"('O', 'O')",O,O,,,
kraek,"('O', 'O')",O,O,,,
amandelen,"('O', 'O')",O,O,,,
9,"('O', 'O')",O,O,,,
600,"('O', 'O')",O,O,,,
„,"('O', 'O')",O,O,,,
pistasjes,"('O', 'O')",O,O,,,
6600,"('O', 'O')",O,O,,,
„,"('O', 'O')",O,O,,,
gemeene,"('O', 'O')",O,O,,,
amandelen,"('O', 'O')",O,O,,,
2500,"('O', 'O')",O,O,,,
„,"('O', 'O')",O,O,,,
rosijnen,"('O', 'O')",O,O,,,
.,"('O', 'O')",O,O,,,
4000,"('O', 'O')",O,O,,,
„,"('O', 'O')",O,O,,,
kismis,"('O', 'O')",O,O,,,
702,"('O', 'O')",O,O,,,
„,"('O', 'O')",O,O,,,
pruijmen,"('O', 'O')",O,O,,,
50,"('O', 'O')",O,O,,,
„,"('O', 'O')",O,O,,,
geconfijte,"('O', 'O')",O,O,,,
moernagelen,"('O', 'O')",O,O,,,
50,"('O', 'O')",O,O,,,
„,"('O', 'O')",O,O,,,
pruijmellen,"('O', 'O')",O,O,,,
100,"('O', 'O')",O,O,,,
stx,"('O', 'O')",O,O,,,
glase,"('O', 'O')",O,O,,,
lampen,"('O', 'O')",O,O,,,
130,"('O', 'O')",O,O,,,
„,"('O', 'O')",O,O,,,
divse,"('O', 'O')",O,O,,,
glaswercken,"('O', 'O')",O,O,,,
60,"('O', 'O')",O,O,,,
kassen,"('O', 'O')",O,O,,,
rosewater,"('O', 'O')",O,O,,,
17,"('O', 'O')",O,O,,,
„,"('O', 'O')",O,O,,,
1,"('O', 'O')",O,O,,,
clarst,"('O', 'O')",O,O,,,
zijn,"('O', 'O')",O,O,,,
het,"('O', 'O')",O,O,,,
affgescheepte,"('B-Transportation', 'B-Transportation')",B-Transportation,B-Transportation,,,
in,"('O', 'O')",O,O,,,
Engeen,"('O', 'O')",O,O,,,
beloopt,"('O', 'O')",O,O,,,
.,"('O', 'O')",O,O,,,
.,"('O', 'O')",O,O,,,
.,"('O', 'O')",O,O,,,
ƒ153179,"('O', 'O')",O,O,,,
.,"('O', 'O')",O,O,,,
17,"('O', 'O')",O,O,,,
.,"('O', 'O')",O,O,,,
8,"('O', 'O')",O,O,,,
.,"('O', 'O')",O,O,,,
In't,"('O', 'O')",O,O,,,
schip,"('O', 'O')",O,O,,,
abbekerk,"('O', 'O')",O,O,,,
C,"('O', 'O')",O,O,,,
voor,"('O', 'B-Transportation')","('O', 'B-Transportation')",O,,,
Ceijlon,"('O', 'I-Transportation')","('O', 'I-Transportation')",O,,,
9000,"('O', 'O')",O,O,,,
p,"('O', 'O')",O,O,,,
„,"('O', 'O')",O,O,,,
s,"('O', 'O')",O,O,,,
goude,"('O', 'O')",O,O,,,
Europeaense,"('O', 'O')",O,O,,,
ducaten,"('O', 'O')",O,O,,,
200,"('O', 'O')",O,O,,,
lb,"('O', 'O')",O,O,,,
kraak,"('O', 'O')",O,O,,,
amasdelen,"('O', 'O')",O,O,,,
1400,"('O', 'O')",O,O,,,
„,"('O', 'O')",O,O,,,
gemeene,"('O', 'O')",O,O,,,
d,"('O', 'O')",O,O,,,
„,"('O', 'O')",O,O,,,
o,"('O', 'O')",O,O,,,
10,"('O', 'O')",O,O,,,
kassen,"('O', 'O')",O,O,,,
rosewater,"('O', 'O')",O,O,,,
204,"('O', 'O')",O,O,,,
lb,"('O', 'O')",O,O,,,
veruijmen,"('O', 'O')",O,O,,,
35,"('O', 'O')",O,O,,,
kassen,"('O', 'O')",O,O,,,
",","('O', 'O')",O,O,,,
als,"('O', 'O')",O,O,,,
25,"('O', 'O')",O,O,,,
d,"('O', 'O')",O,O,,,
„,"('O', 'O')",O,O,,,
o,"('O', 'O')",O,O,,,
clareten,"('O', 'O')",O,O,,,
10,"('O', 'O')",O,O,,,
„,"('O', 'O')",O,O,,,
ordinarie,"('O', 'O')",O,O,,,
costende,"('O', 'O')",O,O,,,
.,"('O', 'O')",O,O,,,
.,"('O', 'O')",O,O,,,
ƒ,"('O', 'O')",O,O,,,
38830:12:00,"('O', 'O')",O,O,,,
:,"('O', 'O')",O,O,,,
8,"('O', 'O')",O,O,,,
.,"('O', 'O')",O,O,,,
voor,"('O', 'B-Transportation')","('O', 'B-Transportation')",O,,,
Cormandel,"('O', 'I-Transportation')","('O', 'I-Transportation')",O,,,
100,"('O', 'O')",O,O,,,
lb,"('O', 'O')",O,O,,,
kraek,"('O', 'O')",O,O,,,
amandel,"('O', 'O')",O,O,,,
en,"('O', 'O')",O,O,,,
700,"('O', 'O')",O,O,,,
„,"('O', 'O')",O,O,,,
gemeene,"('O', 'O')",O,O,,,
d,"('O', 'O')",O,O,,,
„,"('O', 'O')",O,O,,,
o,"('O', 'O')",O,O,,,
50,"('O', 'O')",O,O,,,
„,"('O', 'O')",O,O,,,
sruijmen,"('O', 'O')",O,O,,,
36,"('O', 'O')",O,O,,,
kassen,"('O', 'O')",O,O,,,
wijn,"('O', 'O')",O,O,,,
",","('O', 'O')",O,O,,,
als,"('O', 'O')",O,O,,,
10,"('O', 'O')",O,O,,,
d,"('O', 'O')",O,O,,,
„,"('O', 'O')",O,O,,,
os,"('O', 'O')",O,O,,,
clareten,"('O', 'O')",O,O,,,
26,"('O', 'O')",O,O,,,
„,"('O', 'O')",O,O,,,
ordinarie,"('O', 'O')",O,O,,,
wijn,"('O', 'O')",O,O,,,
belopen,"('O', 'O')",O,O,,,
„,"('O', 'O')",O,O,,,
901,"('O', 'O')",O,O,,,
:,"('O', 'O')",O,O,,,
6,"('O', 'O')",O,O,,,
:,"('O', 'O')",O,O,,,
8,"('O', 'O')",O,O,,,
.,"('O', 'O')",O,O,,,
Voor,"('O', 'B-Transportation')","('O', 'B-Transportation')",O,,,
mallabaer,"('O', 'I-Transportation')","('O', 'I-Transportation')",O,,,
13000,"('O', 'O')",O,O,,,
p,"('O', 'O')",O,O,,,
„,"('O', 'O')",O,O,,,
s,"('O', 'O')",O,O,,,
goude,"('O', 'O')",O,O,,,
ducaten,"('O', 'O')",O,O,,,
10,"('O', 'O')",O,O,,,
kassen,"('O', 'O')",O,O,,,
roservater,"('O', 'O')",O,O,,,
110,"('O', 'O')",O,O,,,
lb,"('O', 'O')",O,O,,,
hasenoten,"('O', 'O')",O,O,,,
—,"('O', 'O')",O,O,,,
40,"('O', 'O')",O,O,,,
„,"('O', 'O')",O,O,,,
wal,"('O', 'O')",O,O,,,
nooten,"('O', 'O')",O,O,,,
120,"('O', 'O')",O,O,,,
„,"('O', 'O')",O,O,,,
pruijmellen,"('O', 'O')",O,O,,,
172,"('O', 'O')",O,O,,,
„,"('O', 'O')",O,O,,,
kraek,"('O', 'O')",O,O,,,
amandelen,"('O', 'O')",O,O,,,
425,"('O', 'O')",O,O,,,
„,"('O', 'O')",O,O,,,
gemeene,"('O', 'O')",O,O,,,
d,"('O', 'O')",O,O,,,
„,"('O', 'O')",O,O,,,
o,"('O', 'O')",O,O,,,
82,"('O', 'O')",O,O,,,
„,"('O', 'O')",O,O,,,
pruijmen,"('O', 'O')",O,O,,,
22,"('O', 'O')",O,O,,,
kassen,"('O', 'O')",O,O,,,
wijn,"('O', 'O')",O,O,,,
als,"('O', 'O')",O,O,,,
18,"('O', 'O')",O,O,,,
d,"('O', 'O')",O,O,,,
„,"('O', 'O')",O,O,,,
o,"('O', 'O')",O,O,,,
clareten,"('O', 'O')",O,O,,,
4„o,"('O', 'O')",O,O,,,
ord,"('O', 'O')",O,O,,,
„,"('O', 'O')",O,O,,,
o,"('O', 'O')",O,O,,,
wijn,"('O', 'O')",O,O,,,
monteerende,"('O', 'O')",O,O,,,
„,"('O', 'O')",O,O,,,
84016,"('O', 'O')",O,O,,,
:,"('O', 'O')",O,O,,,
p,"('O', 'O')",O,O,,,
:,"('O', 'O')",O,O,,,
8,"('O', 'O')",O,O,,,
Het,"('O', 'O')",O,O,,,
geladene,"('B-Transportation', 'B-Transportation')",B-Transportation,B-Transportation,A,,
in,"('O', 'O')",O,O,,,
abbekerk,"('O', 'O')",O,O,,,
beloopt,"('O', 'O')",O,O,,,
In,"('O', 'O')",O,O,,,
t,"('O', 'O')",O,O,,,
versondene,"('B-Transportation', 'B-Transportation')",B-Transportation,B-Transportation,A,,
tesamen,"('O', 'O')",O,O,,,
.,"('O', 'O')",O,O,,,
.,"('O', 'O')",O,O,,,
.,"('O', 'O')",O,O,,,
.,"('O', 'O')",O,O,,,
.,"('O', 'O')",O,O,,,
.,"('O', 'O')",O,O,,,
.,"('O', 'O')",O,O,,,
.,"('O', 'O')",O,O,,,
p,"('O', 'O')",O,O,,,
296927,"('O', 'O')",O,O,,,
.,"('O', 'O')",O,O,,,
17:-,"('O', 'O')",O,O,,,
.,"('O', 'O')",O,O,,,
\n,\n,\n,\n,,,
_,"('O', 'O')",O,O,,,
:,"('O', 'O')",O,O,,,
2ƒ43747:19:8,"('O', 'O')",O,O,,,
.,"('O', 'O')",O,O,,,
\n,\n,\n,\n,,,
t,"('O', 'O')",O,O,,,
geladene,"('B-Transportation', 'B-Transportation')",B-Transportation,B-Transportation,A,,
in,"('O', 'O')",O,O,,,
dese,"('O', 'O')",O,O,,,
2,"('O', 'O')",O,O,,,
bodems,"('O', 'O')",O,O,,,
.,"('O', 'O')",O,O,,,
\n,\n,\n,\n,,,
Sulx,"('O', 'O')",O,O,,,
dat,"('O', 'O')",O,O,,,
,"('O', 'O')",O,O,,,
er,"('O', 'O')",O,O,,,
buijten,"('O', 'O')",O,O,,,
de,"('O', 'O')",O,O,,,
Chirase,"('O', 'O')",O,O,,,
wijnen,"('O', 'O')",O,O,,,
die,"('O', 'O')",O,O,,,
men,"('O', 'O')",O,O,,,
van,"('O', 'O')",O,O,,,
ginderna,"('O', 'O')",O,O,,,
herrew,"('O', 'O')",O,O,,,
#ERROR!,"('O', 'O')",O,O,,,
s,"('O', 'O')",O,O,,,
door,"('O', 'O')",O,O,,,
gebrek,"('O', 'O')",O,O,,,
van,"('O', 'O')",O,O,,,
Last,"('O', 'O')",O,O,,,
beesten,"('O', 'O')",O,O,,,
niet,"('O', 'O')",O,O,,,
tijdelijk,"('O', 'O')",O,O,,,
heeft,"('O', 'O')",O,O,,,
van,"('O', 'O')",O,O,,,
batavia,"('O', 'O')",O,O,,,
mauquend,"('O', 'O')",O,O,,,
:,"('O', 'O')",O,O,,,
kunnen,"('O', 'O')",O,O,,,
affkrijgen,"('B-Transportation', 'B-Transportation')",B-Transportation,B-Transportation,A,,
",","('O', 'O')",O,O,,,
met,"('O', 'O')",O,O,,,
het,"('O', 'O')",O,O,,,
affgescheepte,"('B-Transportation', 'B-Transportation')",B-Transportation,B-Transportation,A,,
voor,"('O', 'O')",O,O,,,
batavia,"('O', 'O')",O,O,,,
niet,"('O', 'O')",O,O,,,
dan,"('O', 'O')",O,O,,,
4,"('O', 'O')",O,O,,,
kx,"('O', 'O')",O,O,,,
hengs,"('O', 'O')",O,O,,,
tpaerden,"('O', 'O')",O,O,,,
6,"('O', 'O')",O,O,,,
p,"('O', 'O')",O,O,,,
„,"('O', 'O')",O,O,,,
s,"('O', 'O')",O,O,,,
wvolle,"('O', 'O')",O,O,,,
alcatijven,"('O', 'O')",O,O,,,
",","('O', 'O')",O,O,,,
en,"('O', 'O')",O,O,,,
120,"('O', 'O')",O,O,,,
p,"('O', 'O')",O,O,,,
„,"('O', 'O')",O,O,,,
s,"('O', 'O')",O,O,,,
muscovische,"('O', 'O')",O,O,,,
jugten,"('O', 'O')",O,O,,,
komen,"('O', 'O')",O,O,,,
te,"('O', 'O')",O,O,,,
"gebreeken,/","('O', 'O')",O,O,,,
ter,"('O', 'O')",O,O,,,
oorsake,"('O', 'O')",O,O,,,
d,"('O', 'O')",O,O,,,
:o,"('O', 'O')",O,O,,,
alcatijven,"('O', 'O')",O,O,,,
",","('O', 'O')",O,O,,,
niet,"('O', 'O')",O,O,,,
affgeweeven,"('O', 'O')",O,O,,,
",","('O', 'O')",O,O,,,
ende,"('O', 'O')",O,O,,,
Jugten,"('O', 'O')",O,O,,,
uijt,"('O', 'O')",O,O,,,
de,"('O', 'O')",O,O,,,
bovenlanden,"('O', 'O')",O,O,,,
nog,"('O', 'O')",O,O,,,
niet,"('O', 'O')",O,O,,,
waren,"('O', 'O')",O,O,,,
affgecomen,"('B-Getting', 'B-Arriving')","('B-Getting', 'B-Arriving')",B-Getting,M,,Classic example of something that is both a getting and an arriving event. Opting for getting since it seems to hold more semantic value.
",","('O', 'O')",O,O,,,
terwijl,"('O', 'O')",O,O,,,
het,"('O', 'O')",O,O,,,
al,"('O', 'O')",O,O,,,
versondene,"('B-Transportation', 'B-Transportation')",B-Transportation,B-Transportation,A,,
van,"('O', 'O')",O,O,,,
dit,"('O', 'O')",O,O,,,
mousson,"('O', 'O')",O,O,,,
met,"('O', 'O')",O,O,,,
deese,"('O', 'O')",O,O,,,
en,"('O', 'O')",O,O,,,
de,"('O', 'O')",O,O,,,
2,"('O', 'O')",O,O,,,
vorige,"('O', 'O')",O,O,,,
bodems,"('O', 'O')",O,O,,,
sommeerd,"('O', 'O')",O,O,,,
ƒ794585,"('O', 'O')",O,O,,,
.,"('O', 'O')",O,O,,,
18,"('O', 'O')",O,O,,,
.,"('O', 'O')",O,O,,,
—,"('O', 'O')",O,O,,,
.,"('O', 'O')",O,O,,,
en,"('O', 'O')",O,O,,,
den,"('O', 'O')",O,O,,,
almogende,"('O', 'O')",O,O,,,
gebeeden,"('O', 'O')",O,O,,,
blijffd,"('O', 'O')",O,O,,,
",","('O', 'O')",O,O,,,
haer,"('O', 'O')",O,O,,,
van,"('O', 'O')",O,O,,,
hier,"('O', 'O')",O,O,,,
vfesonden,"('B-Transportation', 'B-Transportation')",B-Transportation,B-Transportation,A,,
.,"('O', 'O')",O,O,,,
—,"('O', 'O')",O,O,,,
.,"('O', 'O')",O,O,,,
.,"('O', 'O')",O,O,,,
een,"('O', 'O')",O,O,,,
spoedige,"('O', 'O')",O,O,,,
en,"('O', 'O')",O,O,,,
behoude,"('O', 'O')",O,O,,,
reijse,"('O', 'B-Voyage')","('O', 'B-Voyage')",B-Voyage,M,,
te,"('O', 'O')",O,O,,,
willen,"('O', 'O')",O,O,,,
verleenen,"('O', 'B-Giving')","('O', 'B-Giving')",B-Giving,M,,
deese,"('O', 'O')",O,O,,,
in,"('O', 'O')",O,O,,,
dus,"('O', 'O')",O,O,,,
verreklaer,"('O', 'O')",O,O,,,
en,"('O', 'O')",O,O,,,
in,"('O', 'B-Repairing')","('O', 'B-Repairing')",B-Repairing,M,,
gereeth,"('O', 'I-Repairing')","('O', 'I-Repairing')",I-Repairing,M,,
„,"('O', 'I-Repairing')","('O', 'I-Repairing')",I-Repairing,M,,
t,"('O', 'I-Repairing')","('O', 'I-Repairing')",I-Repairing,M,,
gebragt,"('O', 'I-Repairing')","('O', 'I-Repairing')",I-Repairing,M,,
weesende,"('O', 'O')",O,O,,,
soo,"('O', 'O')",O,O,,,
wierd,"('O', 'O')",O,O,,,
ons,"('O', 'O')",O,O,,,
op,"('O', 'O')",O,O,,,
den,"('O', 'O')",O,O,,,
15„e,"('O', 'O')",O,O,,,
feb,"('O', 'O')",O,O,,,
:,"('O', 'O')",O,O,,,
p,"('O', 'O')",O,O,,,
„,"('O', 'O')",O,O,,,
r,"('O', 'O')",O,O,,,
Coopmans,"('O', 'O')",O,O,,,
boode,"('O', 'O')",O,O,,,
",","('O', 'O')",O,O,,,
een,"('O', 'O')",O,O,,,
brief,"('O', 'O')",O,O,,,
dspalan,"('O', 'O')",O,O,,,
",","('O', 'O')",O,O,,,
door,"('O', 'O')",O,O,,,
den,"('O', 'O')",O,O,,,
onderaop9,"('O', 'O')",O,O,,,
van,"('O', 'O')",O,O,,,
den,"('O', 'O')",O,O,,,
ondercoopm,"('O', 'O')",O,O,,,
#ERROR!,"('O', 'O')",O,O,,,
r,"('O', 'O')",O,O,,,
en,"('O', 'O')",O,O,,,
spahans,"('O', 'O')",O,O,,,
secunde,"('O', 'O')",O,O,,,
Willem,"('O', 'O')",O,O,,,
brooks,"('O', 'O')",O,O,,,
toe,"('O', 'O')",O,O,,,
„,"('O', 'O')",O,O,,,
gesonden,"('B-Transportation', 'B-Transportation')",B-Transportation,B-Transportation,A,,
.,"('O', 'O')",O,O,,,
„,"('O', 'O')",O,O,,,
gebragt,"('B-Getting', 'B-Transportation')","('B-Getting', 'B-Transportation')",B-Getting,M,,Classic example of something that is both a getting and an arriving event. Opting for getting since it seems to hold more semantic value.
",","('O', 'B-Getting')","('O', 'B-Getting')",O,M,,
zijnde,"('O', 'O')",O,O,,,
van,"('O', 'O')",O,O,,,
den,"('O', 'O')",O,O,,,
24„e,"('O', 'O')",O,O,,,
Januarij,"('O', 'O')",O,O,,,
",","('O', 'O')",O,O,,,
en,"('O', 'O')",O,O,,,
een,"('O', 'O')",O,O,,,
antwoord,"('O', 'O')",O,O,,,
opden,"('O', 'O')",O,O,,,
onsen,"('O', 'O')",O,O,,,
van,"('O', 'O')",O,O,,,
den,"('O', 'O')",O,O,,,
20„en,"('O', 'O')",O,O,,,
decemb,"('O', 'O')",O,O,,,
:,"('O', 'O')",O,O,,,
",","('O', 'O')",O,O,,,
beneevens,"('O', 'O')",O,O,,,
een,"('O', 'O')",O,O,,,
Ledige,"('O', 'O')",O,O,,,
en,"('O', 'O')",O,O,,,
wel,"('O', 'O')",O,O,,,
geresonneerde,"('O', 'O')",O,O,,,
verantwoordinge,"('O', 'O')",O,O,,,
op,"('O', 'O')",O,O,,,
het,"('O', 'O')",O,O,,,
geene,"('O', 'O')",O,O,,,
dat,"('O', 'O')",O,O,,,
men,"('O', 'O')",O,O,,,
hem,"('O', 'O')",O,O,,,
bij,"('O', 'O')",O,O,,,
het,"('O', 'O')",O,O,,,
wegens,"('O', 'O')",O,O,,,
t,"('O', 'O')",O,O,,,
aan,"('O', 'O')",O,O,,,
hem,"('O', 'O')",O,O,,,
een,"('O', 'O')",O,O,,,
ppahanse,"('O', 'O')",O,O,,,
schrijvens,"('O', 'O')",O,O,,,
van,"('O', 'O')",O,O,,,
den,"('O', 'O')",O,O,,,
5,"('O', 'O')",O,O,,,
„,"('O', 'O')",O,O,,,
,"('O', 'O')",O,O,,,
gb,"('O', 'O')",O,O,,,
:,"('O', 'O')",O,O,,,
ten,"('B-BeingInConflict', 'O')","('B-BeingInConflict', 'O')",B-BeingInConflict,M,,"This document repeatedly uses similar terminology ('ten laste leggen') to indicate a conflict, according to one annotator team. Should consult a historian. "
Lasten,"('I-BeingInConflict', 'O')","('I-BeingInConflict', 'O')",I-BeingInConflict,M,,
Leij,"('I-BeingInConflict', 'O')","('I-BeingInConflict', 'O')",I-BeingInConflict,M,,
",","('O', 'O')",O,O,,,
dog,"('O', 'O')",O,O,,,
dewijl,"('O', 'O')",O,O,,,
d,"('O', 'O')",O,O,,,
„,"('O', 'O')",O,O,,,
o,"('O', 'O')",O,O,,,
missive,"('O', 'O')",O,O,,,
in,"('O', 'O')",O,O,,,
Copia,"('O', 'O')",O,O,,,
is,"('O', 'O')",O,O,,,
overgaende,"('B-Translocation', 'B-Translocation')",B-Translocation,B-Translocation,A,,
",","('O', 'O')",O,O,,,
sullen,"('O', 'O')",O,O,,,
w,"('O', 'O')",O,O,,,
,"('O', 'O')",O,O,,,
ons,"('O', 'O')",O,O,,,
daer,"('O', 'O')",O,O,,,
aen,"('O', 'O')",O,O,,,
onder,"('O', 'O')",O,O,,,
t,"('O', 'O')",O,O,,,
welneemen,"('O', 'O')",O,O,,,
van,"('O', 'O')",O,O,,,
uhoog,"('O', 'O')",O,O,,,
Ed,"('O', 'O')",O,O,,,
„,"('O', 'O')",O,O,,,
e,"('O', 'O')",O,O,,,
agtb,"('O', 'O')",O,O,,,
:,"('O', 'O')",O,O,,,
gedragen,"('O', 'O')",O,O,,,
",","('O', 'O')",O,O,,,
niet,"('O', 'O')",O,O,,,
alleen,"('O', 'O')",O,O,,,
te,"('O', 'O')",O,O,,,
seggen,"('O', 'O')",O,O,,,
",","('O', 'O')",O,O,,,
dat,"('O', 'O')",O,O,,,
de,"('O', 'O')",O,O,,,
onreedelijke,"('O', 'B-Mismanagement')","('O', 'B-Mismanagement')",B-Mismanagement,M,,
wijse,"('O', 'I-Mismanagement')","('O', 'I-Mismanagement')",I-Mismanagement,M,,
op,"('O', 'O')",O,O,,,
welke,"('O', 'O')",O,O,,,
daturen,"('O', 'O')",O,O,,,
dese,"('O', 'O')",O,O,,,
persoon,"('O', 'O')",O,O,,,
bij,"('O', 'O')",O,O,,,
arrive,"('O', 'B-Arriving')","('O', 'B-Arriving')",B-Arriving,M,,
heeft,"('O', 'O')",O,O,,,
comen,"('O', 'O')",O,O,,,
tehandelen,"('O', 'O')",O,O,,,
",","('O', 'O')",O,O,,,
en,"('O', 'O')",O,O,,,
noghandeld,"('O', 'O')",O,O,,,
",","('O', 'O')",O,O,,,
en,"('O', 'O')",O,O,,,
in,"('O', 'O')",O,O,,,
t,"('O', 'O')",O,O,,,
vervolg,"('O', 'O')",O,O,,,
getragt,"('O', 'O')",O,O,,,
verdagt,"('O', 'O')",O,O,,,
te,"('O', 'O')",O,O,,,
maken,"('O', 'O')",O,O,,,
",","('O', 'O')",O,O,,,
daer,"('O', 'O')",O,O,,,
uijt,"('O', 'O')",O,O,,,
seer,"('O', 'O')",O,O,,,
Evidend,"('O', 'O')",O,O,,,
consteerd,"('O', 'O')",O,O,,,
en,"('O', 'O')",O,O,,,
niet,"('O', 'O')",O,O,,,
te,"('O', 'O')",O,O,,,
defereeren,"('O', 'O')",O,O,,,
\n,\n,\n,\n,,,
deselfs,"('O', 'O')",O,O,,,
verantwoordinge,"('O', 'O')",O,O,,,
N,"('O', 'O')",O,O,,,
H,"('O', 'O')",O,O,,,
Lasten,"('B-BeingInConflict', 'O')","('B-BeingInConflict', 'O')",B-BeingInConflict,M,,"This document repeatedly uses similar terminology ('ten laste leggen') to indicate a conflict, according to one annotator team. Should consult a historian. "
gelegde,"('I-BeingInConflict', 'O')","('I-BeingInConflict', 'O')",I-BeingInConflict,M,,
.,"('O', 'O')",O,O,,,
\n,\n,\n,\n,,,
rereptie,"('B-Getting', 'O')","('B-Getting', 'O')",B-Getting,M,,
van,"('O', 'O')",O,O,,,
een,"('O', 'O')",O,O,,,
brief,"('O', 'O')",O,O,,,
uijt,"('O', 'O')",O,O,,,
—,"('O', 'O')",O,O,,,
omanbrooks,"('O', 'O')",O,O,,,
herw,"('O', 'O')",O,O,,,
„,"('O', 'O')",O,O,,,
ts,"('O', 'O')",O,O,,,
aen,"('O', 'O')",O,O,,,
„,"('O', 'O')",O,O,,,
\n,\n,\n,\n,,,
ook,"('O', 'O')",O,O,,,
wat,"('O', 'O')",O,O,,,
Cap,"('O', 'O')",O,O,,,
„,"('O', 'O')",O,O,,,
l,"('O', 'O')",O,O,,,
",","('O', 'O')",O,O,,,
dit,"('O', 'O')",O,O,,,
moussan,"('O', 'O')",O,O,,,
\n,\n,\n,\n,,,
Comt,"('O', 'O')",O,O,,,
",","('O', 'O')",O,O,,,
van,"('O', 'O')",O,O,,,
de,"('O', 'O')",O,O,,,
gedagten,"('O', 'O')",O,O,,,
die,"('O', 'O')",O,O,,,
wij,"('O', 'O')",O,O,,,
daer,"('O', 'O')",O,O,,,
over,"('O', 'O')",O,O,,,
bij,"('O', 'O')",O,O,,,
den,"('O', 'O')",O,O,,,
onsen,"('O', 'O')",O,O,,,
van,"('O', 'O')",O,O,,,
den,"('O', 'O')",O,O,,,
12„e,"('O', 'O')",O,O,,,
xl,"('O', 'O')",O,O,,,
:,"('O', 'O')",O,O,,,
hadden,"('O', 'O')",O,O,,,
",","('O', 'O')",O,O,,,
mitsg,"('O', 'O')",O,O,,,
„,"('O', 'O')",O,O,,,
s,"('O', 'O')",O,O,,,
dat,"('O', 'O')",O,O,,,
ons,"('O', 'O')",O,O,,,
voorneemen,"('O', 'O')",O,O,,,
tendeerd,"('O', 'O')",O,O,,,
",","('O', 'O')",O,O,,,
om,"('O', 'O')",O,O,,,
sulcke,"('O', 'O')",O,O,,,
connosele,"('B-BeingInConflict', 'O')","('B-BeingInConflict', 'O')",B-BeingInConflict,M,,
kreegelheeden,"('I-BeingInConflict', 'O')","('I-BeingInConflict', 'O')",I-BeingInConflict,M,,
",","('O', 'O')",O,O,,,
als,"('O', 'O')",O,O,,,
men,"('O', 'O')",O,O,,,
tegen,"('O', 'O')",O,O,,,
voordagte,"('O', 'O')",O,O,,,
oudercoopman,"('O', 'O')",O,O,,,
heeft,"('O', 'O')",O,O,,,
aengelegd,"('O', 'O')",O,O,,,
",","('O', 'O')",O,O,,,
geen,"('O', 'O')",O,O,,,
verdere,"('O', 'O')",O,O,,,
stoff,"('O', 'O')",O,O,,,
te,"('O', 'O')",O,O,,,
geeven,"('O', 'O')",O,O,,,
",","('O', 'O')",O,O,,,
t,"('O', 'O')",O,O,,,
hier,"('O', 'O')",O,O,,,
bij,"('O', 'O')",O,O,,,
te,"('O', 'O')",O,O,,,
laten,"('O', 'B-AlteringARelationship')","('O', 'B-AlteringARelationship')",B-AlteringARelationship,M,,
berusten,"('O', 'I-AlteringARelationship')","('O', 'I-AlteringARelationship')",I-AlteringARelationship,M,,
",","('O', 'O')",O,O,,,
en,"('O', 'O')",O,O,,,
onder,"('O', 'O')",O,O,,,
het,"('O', 'O')",O,O,,,
renoveeren,"('B-HavingInternalState+', 'B-HavingInternalState+')",B-HavingInternalState+,B-HavingInternalState+,A,,
van,"('O', 'O')",O,O,,,
een,"('O', 'O')",O,O,,,
goede,"('O', 'O')",O,O,,,
zegt,"('O', 'O')",O,O,,,
debenoudens,"('O', 'O')",O,O,,,
bij,"('O', 'O')",O,O,,,
het,"('O', 'O')",O,O,,,
huijshoudinge,"('O', 'O')",O,O,,,
en,"('O', 'O')",O,O,,,
minnelijk,"('O', 'O')",O,O,,,
gedrag,"('O', 'O')",O,O,,,
bij,"('O', 'O')",O,O,,,
eerste,"('O', 'O')",O,O,,,
afftegane,"('B-Translocation', 'B-Transportation')","('B-Translocation', 'B-Transportation')",B-Translocation,M,T,
„,"('O', 'O')",O,O,,,
sschrijvens,"('O', 'O')",O,O,,,
",","('O', 'O')",O,O,,,
van,"('O', 'O')",O,O,,,
hier,"('O', 'O')",O,O,,,
na,"('O', 'O')",O,O,,,
derrew,"('O', 'O')",O,O,,,
„,"('O', 'O')",O,O,,,
s,"('O', 'O')",O,O,,,
ook,"('O', 'O')",O,O,,,
ordre,"('O', 'O')",O,O,,,
op,"('O', 'O')",O,O,,,
geene,"('O', 'O')",O,O,,,
en,"('O', 'O')",O,O,,,
deese,"('O', 'O')",O,O,,,
kleenigheeden,"('O', 'O')",O,O,,,
te,"('O', 'O')",O,O,,,
stellen,"('O', 'O')",O,O,,,
",","('O', 'O')",O,O,,,
waer,"('O', 'O')",O,O,,,
na,"('O', 'O')",O,O,,,
",","('O', 'O')",O,O,,,
en,"('O', 'O')",O,O,,,
dit,"('O', 'O')",O,O,,,
ontfangene,"('B-Getting', 'B-Getting')",B-Getting,B-Getting,A,,
schrijvens,"('O', 'O')",O,O,,,
",","('O', 'O')",O,O,,,
ons,"('O', 'O')",O,O,,,
al,"('O', 'O')",O,O,,,
verder,"('O', 'O')",O,O,,,
op,"('O', 'O')",O,O,,,
den,"('O', 'O')",O,O,,,
18„e,"('O', 'O')",O,O,,,
daer,"('O', 'O')",O,O,,,
aen,"('O', 'O')",O,O,,,
p,"('O', 'O')",O,O,,,
#ERROR!,"('O', 'O')",O,O,,,
r,"('O', 'O')",O,O,,,
addresse,"('O', 'O')",O,O,,,
der,"('O', 'O')",O,O,,,
Engelsche,"('O', 'O')",O,O,,,
is,"('O', 'O')",O,O,,,
toegebragt,"('B-Getting', 'B-Arriving')","('B-Getting', 'B-Arriving')",B-Getting,,,Classic example of something that is both a getting and an arriving event. Opting for getting since it seems to hold more semantic value. I do feel like Transportation is more close to the word used though.
",","('O', 'O')",O,O,,,
een,"('O', 'O')",O,O,,,
Vaderlands,"('O', 'O')",O,O,,,
pacquet,"('O', 'O')",O,O,,,
met,"('O', 'O')",O,O,,,
brieven,"('O', 'O')",O,O,,,
",","('O', 'O')",O,O,,,
insluijtende,"('O', 'B-BeingAtAPlace')","('O', 'B-BeingAtAPlace')",O,M,,
behalven,"('O', 'O')",O,O,,,
een,"('O', 'O')",O,O,,,
cinculair,"('O', 'O')",O,O,,,
briefje,"('O', 'O')",O,O,,,
van,"('O', 'O')",O,O,,,
p,"('O', 'O')",O,O,,,
„,"('O', 'O')",O,O,,,
mo,"('O', 'O')",O,O,,,
gb,"('O', 'O')",O,O,,,
:,"('O', 'O')",O,O,,,
1709,"('O', 'O')",O,O,,,
.,"('O', 'O')",O,O,,,
en,"('O', 'O')",O,O,,,
Extract,"('O', 'O')",O,O,,,
uijt,"('O', 'O')",O,O,,,
den,"('O', 'O')",O,O,,,
Eijsch,"('O', 'B-ForceToAct')","('O', 'B-ForceToAct')",B-Reqeust,,,More consistent with other annotations I have seen in other documents
van,"('O', 'O')",O,O,,,
retouren,"('O', 'O')",O,O,,,
voor,"('O', 'O')",O,O,,,
dit,"('O', 'O')",O,O,,,
Lopende,"('O', 'O')",O,O,,,
Jaer,"('O', 'O')",O,O,,,
",","('O', 'O')",O,O,,,
soo,"('O', 'O')",O,O,,,
veel,"('O', 'O')",O,O,,,
persien,"('O', 'O')",O,O,,,
concerneerd,"('O', 'O')",O,O,,,
",","('O', 'O')",O,O,,,
nog,"('O', 'O')",O,O,,,
vijff,"('O', 'O')",O,O,,,
pacquetten,"('O', 'B-Transportation')","('O', 'B-Transportation')",B-Transportation,,,clear case of 'evokes' 
voor,"('O', 'I-Transportation')","('O', 'I-Transportation')",O,,,
de,"('O', 'O')",O,O,,,
westerse,"('O', 'O')",O,O,,,
comptoiren,"('O', 'O')",O,O,,,
",","('O', 'O')",O,O,,,
als,"('O', 'O')",O,O,,,
ceijlon,"('O', 'O')",O,O,,,
",","('O', 'O')",O,O,,,
Wat,"('O', 'O')",O,O,,,
geschriften,"('O', 'O')",O,O,,,
daer,"('O', 'O')",O,O,,,
van,"('O', 'O')",O,O,,,
Cormandel,"('O', 'O')",O,O,,,
",","('O', 'O')",O,O,,,
bengalen,"('O', 'O')",O,O,,,
",","('O', 'O')",O,O,,,
bouratte,"('O', 'O')",O,O,,,
en,"('O', 'O')",O,O,,,
cochim,"('O', 'O')",O,O,,,
",","('O', 'O')",O,O,,,
die,"('O', 'O')",O,O,,,
wij,"('O', 'O')",O,O,,,
bij,"('O', 'O')",O,O,,,
deese,"('O', 'O')",O,O,,,
geleegendheijd,"('O', 'O')",O,O,,,
versenden,"('B-Transportation', 'B-Transportation')",B-Transportation,B-Transportation,A,,
",","('O', 'O')",O,O,,,
alhoewel,"('O', 'O')",O,O,,,
wij,"('O', 'O')",O,O,,,
vertrouwende,"('O', 'O')",O,O,,,
vrunden,"('O', 'B-BeingInARelationship')","('O', 'B-BeingInARelationship')",B-BeingInARelationship,M,,
van,"('O', 'O')",O,O,,,
derselver,"('O', 'O')",O,O,,,
teneur,"('O', 'O')",O,O,,,
al,"('O', 'O')",O,O,,,
sullen,"('O', 'O')",O,O,,,
weesen,"('O', 'O')",O,O,,,
gediend,"('O', 'O')",O,O,,,
",","('O', 'O')",O,O,,,
gemerkt,"('O', 'O')",O,O,,,
die,"('O', 'O')",O,O,,,
voor,"('O', 'O')",O,O,,,
deese,"('O', 'O')",O,O,,,
directie,"('O', 'O')",O,O,,,
",","('O', 'O')",O,O,,,
ons,"('O', 'O')",O,O,,,
al,"('O', 'O')",O,O,,,
over,"('O', 'O')",O,O,,,
",","('O', 'O')",O,O,,,
mallabaer,"('O', 'O')",O,O,,,
zijn,"('O', 'O')",O,O,,,
toegecomen,"('B-Transportation', 'B-Translocation')","('B-Transportation', 'B-Translocation')",B-Translocation,M,T,
",","('O', 'O')",O,O,,,
gelijk,"('O', 'O')",O,O,,,
voorwaerts,"('O', 'O')",O,O,,,
genoteerd,"('O', 'O')",O,O,,,
gensteerd,"('O', 'O')",O,O,,,
geworden,"('O', 'O')",O,O,,,
is,"('O', 'O')",O,O,,,
",","('O', 'O')",O,O,,,
intusschen,"('O', 'O')",O,O,,,
dat,"('O', 'O')",O,O,,,
den,"('O', 'O')",O,O,,,
ondercoopman,"('O', 'O')",O,O,,,
Coorte,"('O', 'O')",O,O,,,
tot,"('O', 'O')",O,O,,,
hoeden,"('O', 'O')",O,O,,,
ondercoopman,"('O', 'O')",O,O,,,
sood,"('O', 'O')",O,O,,,
dato,"('O', 'O')",O,O,,,
nog,"('O', 'O')",O,O,,,
niet,"('O', 'O')",O,O,,,
vernomen,"('O', 'O')",O,O,,,
werdende,"('O', 'O')",O,O,,,
",","('O', 'O')",O,O,,,
nu,"('O', 'O')",O,O,,,
tot,"('B-StartingConflict', 'O')","('B-StartingConflict', 'O')",B-StartingConflict,M,,"This document repeatedly uses similar terminology ('ten laste leggen') to indicate a conflict, according to one annotator team. Should consult a historian. "
een,"(B-StartingConflict', 'O')","('I-StartingConflict', 'O')",I-StartingConflict,M,,
Last,"('I-StartingConflict', 'O')","('I-StartingConflict', 'O')",I-StartingConflict,M,,
Comt,"('I-StartingConflict', 'O')","('I-StartingConflict', 'O')",I-StartingConflict,M,,
",","('O', 'O')",O,O,,,
en,"('O', 'O')",O,O,,,
tot,"('O', 'O')",O,O,,,
de,"('O', 'O')",O,O,,,
naest,"('O', 'O')",O,O,,,
van,"('O', 'O')",O,O,,,
deese,"('O', 'O')",O,O,,,
directie,"('O', 'O')",O,O,,,
de,"('O', 'O')",O,O,,,
naestvolgende,"('O', 'O')",O,O,,,
scheepen,"('O', 'O')",O,O,,,
sal,"('O', 'O')",O,O,,,
moeten,"('O', 'O')",O,O,,,
inwagten,"('O', 'O')",O,O,,,
",","('O', 'O')",O,O,,,
en,"('O', 'O')",O,O,,,
hier,"('O', 'O')",O,O,,,
overblijven,"('B-BeingAtAPlace', 'B-BeingAtAPlace')",B-BeingAtAPlace,B-BeingAtAPlace,A,,
",","('O', 'O')",O,O,,,
dat,"('O', 'O')",O,O,,,
wij,"('O', 'O')",O,O,,,
Liever,"('O', 'O')",O,O,,,
anders,"('O', 'O')",O,O,,,
\n,\n,\n,\n,,,
nog,"('O', 'O')",O,O,,,
niet,"('O', 'O')",O,O,,,
te,"('O', 'B-BeingAtAPlace')","('O', 'B-BeingAtAPlace')",B-BeingAtAPlace,M,,
voorschijn,"('O', 'I-BeingAtAPlace')","('O', 'I-BeingAtAPlace')",I-BeingAtAPlace,M,,
besending,"('O', 'B-Transportation')","('O', 'B-Transportation')",B-Transportation,M,,
zal,"('O', 'O')",O,O,,,
moeten,"('O', 'O')",O,O,,,
blijven,"('B-BeingAtAPlace', 'B-BeingAtAPlace')",B-BeingAtAPlace,B-BeingAtAPlace,A,,
\n,\n,\n,\n,,,
voorde,"('O', 'O')",O,O,,,
woesterse,"('O', 'O')",O,O,,,
comp,"('O', 'O')",O,O,,,
#ERROR!,"('O', 'O')",O,O,,,
es,"('O', 'O')",O,O,,,
zijn,"('O', 'O')",O,O,,,
.,"('O', 'O')",O,O,,,
\n,\n,\n,\n,,,
ontfangst,"('O', 'B-Getting')","('O', 'B-Getting')",B-Getting,M,,
van,"('O', 'O')",O,O,,,
een,"('O', 'O')",O,O,,,
pacquet,"('O', 'O')",O,O,,,
vaderlandsche,"('O', 'O')",O,O,,,
papieren,"('O', 'O')",O,O,,,
",","('O', 'O')",O,O,,,
en,"('O', 'O')",O,O,,,
p,"('O', 'O')",O,O,,,
:,"('O', 'O')",O,O,,,
r,"('O', 'O')",O,O,,,
Wiens,"('O', 'O')",O,O,,,
addaes,"('O', 'O')",O,O,,,
\n,\n,\n,\n,,,
aff,"('B-Transportation', 'B-Transportation')",B-Transportation,B-Transportation,A,,
tegaene,"('I-Transportation', 'I-Transportation')",I-Transportation,I-Transportation,A,,
",","('O', 'O')",O,O,,,
hrijvens,"('B-None', 'O')","('B-None', 'O')",O,A,,
sullen,"('O', 'O')",O,O,,,
recommandeeren,"('O', 'O')",O,O,,,
engelasten,"('B-Request', 'O')","('B-Request', 'O')",B-Reqeust,M,,
.,"('O', 'O')",O,O,,,
\n,\n,\n,\n,,,
hadden,"('O', 'O')",O,O,,,
gesien,"('O', 'O')",O,O,,,
",","('O', 'O')",O,O,,,
in,"('O', 'O')",O,O,,,
opsigt,"('O', 'O')",O,O,,,
hij,"('O', 'O')",O,O,,,
meeste,"('O', 'O')",O,O,,,
ziekelijck,"('B-HavingAMedicalCondition', 'B-HavingAMedicalCondition')",B-HavingAMedicalCondition,B-HavingAMedicalCondition,A,,
en,"('O', 'O')",O,O,,,
daer,"('O', 'O')",O,O,,,
bij,"('O', 'O')",O,O,,,
natgierig,"('B-HavingAMedicalCondition', 'B-HavingAMedicalCondition')",B-HavingAMedicalCondition,B-HavingAMedicalCondition,A,,
(,"('O', 'O')",O,O,,,
t,"('O', 'O')",O,O,,,
welk,"('O', 'O')",O,O,,,
eijgentz,"('O', 'O')",O,O,,,
:,"('O', 'O')",O,O,,,
zijn,"('O', 'O')",O,O,,,
jndispositie,"('B-HavingInternalState-', 'B-HavingAMedicalCondition')","('B-HavingInternalState-', 'B-HavingAMedicalCondition')",B-HavingInternalState-,M,,I chose HavingInternalState- because it seems like a broader concept in which HavingAMedicalCondition could fall (this is not explicitly modelled in the ontology because relationships between states is not explicitly managed). 
was,"('O', 'O')",O,O,,,
",","('O', 'O')",O,O,,,
waer,"('O', 'O')",O,O,,,
door,"('O', 'O')",O,O,,,
hij,"('O', 'O')",O,O,,,
despahanse,"('O', 'O')",O,O,,,
brief,"('O', 'O')",O,O,,,
van,"('O', 'O')",O,O,,,
den,"('O', 'O')",O,O,,,
13„e,"('O', 'O')",O,O,,,
feb,"('O', 'O')",O,O,,,
:,"('O', 'O')",O,O,,,
1710,"('O', 'O')",O,O,,,
.,"('O', 'O')",O,O,,,
niet,"('O', 'O')",O,O,,,
teekenen,"('O', 'O')",O,O,,,
kon,"('O', 'O')",O,O,,,
",","('O', 'O')",O,O,,,
en,"('O', 'O')",O,O,,,
wel,"('O', 'O')",O,O,,,
seeven,"('O', 'O')",O,O,,,
Etmalen,"('O', 'O')",O,O,,,
geduurd,"('O', 'O')",O,O,,,
hadde,"('O', 'O')",O,O,,,
",","('O', 'O')",O,O,,,
dE,"('O', 'O')",O,O,,,
Comp,"('O', 'O')",O,O,,,
:,"('O', 'O')",O,O,,,
van,"('O', 'O')",O,O,,,
wijnig,"('O', 'O')",O,O,,,
nutte,"('O', 'O')",O,O,,,
weesen,"('O', 'O')",O,O,,,
kan,"('O', 'O')",O,O,,,
",","('O', 'O')",O,O,,,
maer,"('O', 'O')",O,O,,,
d,"('O', 'O')",O,O,,,
,"('O', 'O')",O,O,,,
affreekening,"('O', 'B-Buying')","('O', 'B-Buying')",B-Buying,M,,
der,"('O', 'O')",O,O,,,
Wol,"('O', 'O')",O,O,,,
die,"('O', 'O')",O,O,,,
ons,"('O', 'O')",O,O,,,
dus,"('O', 'O')",O,O,,,
Lange,"('O', 'O')",O,O,,,
onts,"('O', 'O')",O,O,,,
Lond,"('O', 'O')",O,O,,,
",","('O', 'O')",O,O,,,
hebben,"('O', 'O')",O,O,,,
wij,"('O', 'O')",O,O,,,
ten,"('O', 'O')",O,O,,,
Laesten,"('O', 'O')",O,O,,,
op,"('O', 'O')",O,O,,,
Eergisteren,"('O', 'O')",O,O,,,
ontfangen,"('B-Getting', 'B-Getting')",B-Getting,B-Getting,A,,
",","('O', 'O')",O,O,,,
soo,"('O', 'O')",O,O,,,
dat,"('O', 'O')",O,O,,,
de,"('O', 'O')",O,O,,,
nu,"('O', 'O')",O,O,,,
overgaende,"('B-Transportation', 'B-Transportation')",B-Transportation,B-Transportation,A,,
niet,"('O', 'O')",O,O,,,
bij,"('O', 'O')",O,O,,,
Calculatie,"('O', 'O')",O,O,,,
",","('O', 'O')",O,O,,,
maer,"('O', 'O')",O,O,,,
onder,"('O', 'O')",O,O,,,
hare,"('O', 'O')",O,O,,,
waere,"('O', 'O')",O,O,,,
Costende,"('O', 'O')",O,O,,,
versonden,"('B-Transportation', 'B-Transportation')",B-Transportation,B-Transportation,A,,
avend,"('O', 'O')",O,O,,,
",","('O', 'O')",O,O,,,
belopende,"('O', 'O')",O,O,,,
de,"('O', 'O')",O,O,,,
man,"('O', 'O')",O,O,,,
van,"('O', 'O')",O,O,,,
6,"('O', 'O')",O,O,,,
lx,"('O', 'O')",O,O,,,
#ERROR!,"('O', 'O')",O,O,,,
s,"('O', 'O')",O,O,,,
m,"('O', 'O')",O,O,,,
as,"('O', 'O')",O,O,,,
8,"('O', 'O')",O,O,,,
.,"('O', 'O')",O,O,,,
13¾.,"('O', 'O')",O,O,,,
ruijm,"('O', 'O')",O,O,,,
",","('O', 'O')",O,O,,,
off,"('O', 'O')",O,O,,,
ƒ,"('O', 'O')",O,O,,,
3:13:13½.,"('O', 'O')",O,O,,,
ruijm,"('O', 'O')",O,O,,,
",","('O', 'O')",O,O,,,
t,"('O', 'O')",O,O,,,
welk,"('O', 'O')",O,O,,,
m,"('O', 'O')",O,O,,,
#ERROR!,"('O', 'O')",O,O,,,
as,"('O', 'O')",O,O,,,
-,"('O', 'O')",O,O,,,
3/0,"('O', 'O')",O,O,,,
off,"('O', 'O')",O,O,,,
ƒ,"('O', 'O')",O,O,,,
—,"('O', 'O')",O,O,,,
.,"('O', 'O')",O,O,,,
5,"('O', 'O')",O,O,,,
:,"('O', 'O')",O,O,,,
3,"('O', 'O')",O,O,,,
¾,"('O', 'O')",O,O,,,
ruijm,"('O', 'O')",O,O,,,
",","('O', 'O')",O,O,,,
veel,"('O', 'O')",O,O,,,
met,"('O', 'O')",O,O,,,
die,"('O', 'O')",O,O,,,
van't,"('O', 'O')",O,O,,,
8,"('O', 'O')",O,O,,,
duurder,"('O', 'B-Increasing')","('O', 'B-Increasing')",B-Increasing,M,,
is,"('O', 'O')",O,O,,,
",","('O', 'O')",O,O,,,
dan,"('O', 'O')",O,O,,,
die,"('O', 'O')",O,O,,,
van,"('O', 'O')",O,O,,,
a,"('O', 'O')",O,O,,,
#ERROR!,"('O', 'O')",O,O,,,
o,"('O', 'O')",O,O,,,
pass,"('O', 'O')",O,O,,,
„,"('O', 'O')",O,O,,,
o,"('O', 'O')",O,O,,,
",","('O', 'O')",O,O,,,
en,"('O', 'O')",O,O,,,
niet,"('O', 'O')",O,O,,,
8,"('O', 'O')",O,O,,,
stp,"('O', 'O')",O,O,,,
„,"('O', 'O')",O,O,,,
s,"('O', 'O')",O,O,,,
8,"('O', 'O')",O,O,,,
penn,"('O', 'O')",O,O,,,
:,"('O', 'O')",O,O,,,
gelijck,"('O', 'O')",O,O,,,
de,"('O', 'O')",O,O,,,
kirmanse,"('O', 'O')",O,O,,,
bediendens,"('O', 'O')",O,O,,,
eerst,"('O', 'O')",O,O,,,
gisten,"('O', 'O')",O,O,,,
",","('O', 'O')",O,O,,,
en,"('O', 'O')",O,O,,,
uhoog,"('O', 'O')",O,O,,,
Ed,"('O', 'O')",O,O,,,
„,"('O', 'O')",O,O,,,
e,"('O', 'O')",O,O,,,
agtb,"('O', 'O')",O,O,,,
:,"('O', 'O')",O,O,,,
sub,"('O', 'O')",O,O,,,
dato,"('O', 'O')",O,O,,,
primo,"('O', 'O')",O,O,,,
aug,"('O', 'O')",O,O,,,
#ERROR!,"('O', 'O')",O,O,,,
o,"('O', 'O')",O,O,,,
in,"('O', 'O')",O,O,,,
alle,"('O', 'O')",O,O,,,
submissie,"('O', 'O')",O,O,,,
bedeeld,"('O', 'O')",O,O,,,
en,"('O', 'O')",O,O,,,
voor,"('O', 'O')",O,O,,,
oogen,"('O', 'O')",O,O,,,
gebragt,"('O', 'O')",O,O,,,
is,"('O', 'O')",O,O,,,
",","('O', 'O')",O,O,,,
onder,"('O', 'O')",O,O,,,
verdere,"('O', 'O')",O,O,,,
aankundigingh,"('O', 'O')",O,O,,,
van,"('O', 'O')",O,O,,,
die,"('O', 'O')",O,O,,,
van,"('O', 'O')",O,O,,,
kirman,"('O', 'O')",O,O,,,
",","('O', 'O')",O,O,,,
datse,"('O', 'O')",O,O,,,
nog,"('O', 'O')",O,O,,,
een,"('O', 'O')",O,O,,,
parthijtje,"('O', 'O')",O,O,,,
van,"('O', 'O')",O,O,,,
28,"('O', 'O')",O,O,,,
.,"('O', 'O')",O,O,,,
–,"('O', 'O')",O,O,,,
.,"('O', 'O')",O,O,,,
balen,"('O', 'O')",O,O,,,
inhoudende,"('O', 'O')",O,O,,,
2520,"('O', 'O')",O,O,,,
.,"('O', 'O')",O,O,,,
–,"('O', 'O')",O,O,,,
.,"('O', 'O')",O,O,,,
lb,"('O', 'O')",O,O,,,
hadden,"('O', 'O')",O,O,,,
uijtgeseth,"('B-Trade', 'O')","('B-Trade', 'O')",B-Trade,M,,
",","('O', 'O')",O,O,,,
dog,"('O', 'O')",O,O,,,
gelijk,"('O', 'O')",O,O,,,
die,"('O', 'O')",O,O,,,
veelheijd,"('O', 'O')",O,O,,,
niet,"('O', 'O')",O,O,,,
voor,"('O', 'O')",O,O,,,
d,"('O', 'O')",O,O,,,
,"('O', 'O')",O,O,,,
aenstaende,"('O', 'O')",O,O,,,
maand,"('O', 'O')",O,O,,,
hier,"('B-Getting', 'B-BeingAtAPlace')","('B-Getting', 'B-BeingAtAPlace')",B-BeingAtAPlace,M,,
kan,"('I-Getting', 'I-BeingAtAPlace')","('I-Getting', 'I-BeingAtAPlace')",B-BeingAtAPlace,M,,
weesen,"('I-Getting', 'I-BeingAtAPlace')","('I-Getting', 'I-BeingAtAPlace')",B-BeingAtAPlace,M,,
",","('O', 'O')",O,O,,,
oversuden,"('O', 'O')",O,O,,,
.,"('O', 'O')",O,O,,,
en,"('O', 'O')",O,O,,,
dat,"('O', 'O')",O,O,,,
de,"('O', 'O')",O,O,,,
scheepen,"('O', 'O')",O,O,,,
in,"('O', 'O')",O,O,,,
gereetheijt,"('O', 'B-Repairing')","('O', 'B-Repairing')",B-Repairing,M,,
zijn,"('O', 'I-Repairing')","('O', 'I-Repairing')",I-Repairing,M,,
gebragt,"('O', 'I-Repairing')","('O', 'I-Repairing')",I-Repairing,M,,
",","('O', 'O')",O,O,,,
mitsg,"('O', 'O')",O,O,,,
:,"('O', 'O')",O,O,,,
s,"('O', 'O')",O,O,,,
haer,"('O', 'O')",O,O,,,
tijd,"('O', 'O')",O,O,,,
wel,"('O', 'O')",O,O,,,
sullen,"('O', 'O')",O,O,,,
benodigen,"('O', 'O')",O,O,,,
",","('O', 'O')",O,O,,,
om,"('O', 'O')",O,O,,,
tijdig,"('O', 'O')",O,O,,,
op,"('O', 'O')",O,O,,,
batavia,"('O', 'O')",O,O,,,
te,"('B-Translocation', 'B-BeingAtAPlace')","('B-Translocation', 'B-BeingAtAPlace')",B-BeingAtAPlace,M,,
weesen,"('I-Translocation', 'I-BeingAtAPlace')","('I-Translocation', 'I-BeingAtAPlace')",B-BeingAtAPlace,M,,
",","('O', 'O')",O,O,,,
hebben,"('O', 'O')",O,O,,,
wij,"('O', 'O')",O,O,,,
niet,"('O', 'O')",O,O,,,
derven,"('O', 'O')",O,O,,,
besluijten,"('O', 'O')",O,O,,,
",","('O', 'O')",O,O,,,
die,"('O', 'O')",O,O,,,
daer,"('O', 'O')",O,O,,,
na,"('O', 'O')",O,O,,,
op,"('O', 'B-BeingAtAPlace')",O,O,M,, 'op te houden' = vertragen?
tehouden,"('O', 'I-BeingAtAPlace')",O,O,M,,
",","('O', 'O')",O,O,,,
en,"('O', 'O')",O,O,,,
haer,"('O', 'O')",O,O,,,
reijse,"('B-Voyage', 'B-Voyage')",B-Voyage,B-Voyage,A,,
te,"('O', 'O')",O,O,,,
doen,"('O', 'O')",O,O,,,
vertragen,"('O', 'O')",O,O,,,
",","('O', 'O')",O,O,,,
wes,"('O', 'O')",O,O,,,
die,"('O', 'O')",O,O,,,
op,"('O', 'B-Translocation')","('O', 'B-Translocation')",B-Translocation,M,,
weg,"('O', 'I-Translocation')","('O', 'I-Translocation')",I-Translocation,M,,
zijnde,"('O', 'I-Translocation')","('O', 'I-Translocation')",I-Translocation,M,,
wol,"('O', 'O')",O,O,,,
niet,"('O', 'O')",O,O,,,
voor,"('O', 'O')",O,O,,,
de,"('O', 'O')",O,O,,,
naeste,"('O', 'O')",O,O,,,
besendinge,"('B-Transportation', 'B-Transportation')",B-Transportation,B-Transportation,A,,
staet,"('O', 'O')",O,O,,,
te,"('O', 'O')",O,O,,,
volgen,"('O', 'O')",O,O,,,
en,"('O', 'O')",O,O,,,
aff,"('B-Transportation', 'B-Leaving')","('B-Transportation', 'B-Leaving')",B-Leaving,M,,
te,"('I-Transportation', 'I-Leaving')","('I-Transportation', 'I-Leaving')",I-Leaving,M,,
gaen,"('I-Transportation', 'I-Leaving')","('I-Transportation', 'I-Leaving')",I-Leaving,M,,
.,"('O', 'O')",O,O,,,
Waer,"('O', 'O')",O,O,,,
meede,"('O', 'O')",O,O,,,
P,"('O', 'O')",O,O,,,
„,"('O', 'O')",O,O,,,
a,"('O', 'O')",O,O,,,
&,"('O', 'O')",O,O,,,
„,"('O', 'O')",O,O,,,
a,"('O', 'O')",O,O,,,
(,"('O', 'O')",O,O,,,
onderstond,"('O', 'O')",O,O,,,
),"('O', 'O')",O,O,,,
hoog,"('O', 'O')",O,O,,,
Edele,"('O', 'O')",O,O,,,
gebiedende,"('O', 'O')",O,O,,,
\n,\n,\n,\n,,,
wat,"('O', 'O')",O,O,,,"This text does not follow from previous region in current HTR: marginalium: \wat quantiteit er nog op weg is, waar na de scheepen niet durven ophouden' oid. "
quantiteijt,"('O', 'O')",O,O,,,
er,"('O', 'O')",O,O,,,
nog,"('O', 'B-Translocation')","('O', 'B-Translocation')",O,M,,
op,"('B-Transportation', 'I-Translocation')","('B-Transportation', 'I-Translocation')",B-Transportation,AM,,
weg,"('I-Transportation', 'I-Translocation')","('I-Transportation', 'I-Translocation')",I-Transportation,A,,
is,"('I-Transportation', 'I-Translocation')","('I-Transportation', 'I-Translocation')",I-Transportation,A,,
",","('O', 'O')",O,O,,,
waer,"('O', 'O')",O,O,,,
na,"('O', 'O')",O,O,,,
de,"('O', 'O')",O,O,,,
scheepen,"('O', 'O')",O,O,,,
niet,"('O', 'O')",O,O,,,
derven,"('O', 'O')",O,O,,,
\n,\n,\n,\n,,,
tot,"('O', 'O')",O,O,,,Marginalium that come BEFORE the marginalium above
wat,"('O', 'O')",O,O,,,
prijs,"('O', 'O')",O,O,,,
de,"('O', 'O')",O,O,,,
deesen,"('O', 'O')",O,O,,,
7,"('O', 'O')",O,O,,,
Jaerse,"('O', 'O')",O,O,,,
beloopt,"('O', 'O')",O,O,,,
",","('O', 'O')",O,O,,,
en,"('O', 'O')",O,O,,,
hoe,"('O', 'O')",O,O,,,
vorige,"('O', 'O')",O,O,,,
diffoneerd,"('O', 'O')",O,O,,,
.,"('O', 'O')",O,O,,,
\n,\n,\n,\n,,,
ontfangst,"('B-Getting', 'B-Getting')",B-Getting,B-Getting,A,,Marginalium that comes BEFORE Marginalium above
der,"('O', 'O')",O,O,,,
reek,"('O', 'B-Buying')","('O', 'B-Buying')",O,,,"Because this is a marginalium I think this annotation was a mistake, but maybe 'reek' means something I don't know about"
:,"('O', 'I-Buying')","('O', 'I-Buying')",O,,,
van,"('O', 'O')",O,O,,,
des,"('O', 'O')",O,O,,,
irmanse,"('O', 'O')",O,O,,,
wvol,"('O', 'O')",O,O,,,
.,"('O', 'O')",O,O,,,
\n,\n,\n,\n,,,
heeren,"('O', 'O')",O,O,,,Now we have the start of the last page.....
(,"('O', 'O')",O,O,,,
Lager,"('O', 'O')",O,O,,,
),"('O', 'O')",O,O,,,
uw,"('O', 'O')",O,O,,,
hoog,"('O', 'O')",O,O,,,
Edele,"('O', 'O')",O,O,,,
agtb,"('O', 'O')",O,O,,,
#ERROR!,"('O', 'O')",O,O,,,
re,"('O', 'O')",O,O,,,
onderdanige,"('O', 'O')",O,O,,,
en,"('O', 'O')",O,O,,,
getrouwe,"('O', 'O')",O,O,,,
dienaren,"('O', 'O')",O,O,,,
(,"('O', 'O')",O,O,,,
was,"('O', 'O')",O,O,,,
geteekent,"('O', 'O')",O,O,,,
),"('O', 'O')",O,O,,,
W,"('O', 'O')",O,O,,,
:,"('O', 'O')",O,O,,,
m,"('O', 'O')",O,O,,,
backer,"('O', 'O')",O,O,,,
Jacobsz,"('O', 'O')",O,O,,,
:,"('O', 'O')",O,O,,,
",","('O', 'O')",O,O,,,
Jan,"('O', 'O')",O,O,,,
Oets,"('O', 'O')",O,O,,,
",","('O', 'O')",O,O,,,
matth,"('O', 'O')",O,O,,,
„,"('O', 'O')",O,O,,,
s,"('O', 'O')",O,O,,,
van,"('O', 'O')",O,O,,,
Iongeren,"('O', 'O')",O,O,,,
",","('O', 'O')",O,O,,,
adriaan,"('O', 'O')",O,O,,,
Van,"('O', 'O')",O,O,,,
biesum,"('O', 'O')",O,O,,,
",","('O', 'O')",O,O,,,
N,"('O', 'O')",O,O,,,
„,"('O', 'O')",O,O,,,
o,"('O', 'O')",O,O,,,
van,"('O', 'O')",O,O,,,
Hoorn,"('O', 'O')",O,O,,,
(,"('O', 'O')",O,O,,,
in,"('O', 'O')",O,O,,,
margine,"('O', 'O')",O,O,,,
),"('O', 'O')",O,O,,,
gamron,"('O', 'O')",O,O,,,
den,"('O', 'O')",O,O,,,
26„e,"('O', 'O')",O,O,,,
februarij,"('O', 'O')",O,O,,,
a,"('O', 'O')",O,O,,,
„,"('O', 'O')",O,O,,,
o,"('O', 'O')",O,O,,,
1711,"('O', 'O')",O,O,,,
.,"('O', 'O')",O,O,,,
(,"('O', 'O')",O,O,,,
en,"('O', 'O')",O,O,,,
daer,"('O', 'O')",O,O,,,
onder,"('O', 'O')",O,O,,,
),"('O', 'O')",O,O,,,
P,"('O', 'O')",O,O,,,
:,"('O', 'O')",O,O,,,
S,"('O', 'O')",O,O,,,
:,"('O', 'O')",O,O,,,
28,"('O', 'O')",O,O,,,
kassen,"('O', 'O')",O,O,,,
Chiraese,"('O', 'O')",O,O,,,
Claretwijn,"('O', 'O')",O,O,,,
",","('O', 'O')",O,O,,,
zoo,"('O', 'O')",O,O,,,
Even,"('O', 'O')",O,O,,,
komende,"('O', 'O')",O,O,,,
aen,"('B-Getting', 'B-Arriving')","('B-Getting', 'B-Arriving')",B-Getting,M,,Classic example of something that is both a getting and an arriving event. Opting for getting since it seems to hold more semantic value. I do feel like Transportation is more close to the word used though.
telanden,"('I-Getting', 'I-Arriving')","('I-Getting', 'I-Arriving')",B-Getting,M,,
",","('O', 'O')",O,O,,,
hebben,"('O', 'O')",O,O,,,
niet,"('O', 'O')",O,O,,,
mogen,"('O', 'O')",O,O,,,
affwesen,"('O', 'O')",O,O,,,
",","('O', 'O')",O,O,,,
nog,"('O', 'O')",O,O,,,
in,"('O', 'O')",O,O,,,
Vugeen,"('O', 'O')",O,O,,,
voor,"('O', 'O')",O,O,,,
de,"('B-None', 'O')","('B-None', 'O')",O,M,, 'None' annotation probably some inception difficulty in deleting an annotation
hooffd,"('I-None', 'O')","('I-None', 'O')",O,M,,
plaets,"('I-None', 'O')","('I-None', 'O')",O,M,,
tescheepen,"('B-Transportation', 'B-Transportation')",B-Transportation,B-Transportation,A,,
",","('O', 'O')",O,O,,,
des,"('O', 'O')",O,O,,,
t,"('O', 'O')",O,O,,,
versondene,"('B-Transportation', 'B-Transportation')",B-Transportation,B-Transportation,A,,
nu,"('O', 'O')",O,O,,,
Loord,"('O', 'O')",O,O,,,
,"('O', 'O')",O,O,,,
„,"('O', 'O')",O,O,,,
met,"('O', 'O')",O,O,,,
ƒ153741:6:—.,"('O', 'O')",O,O,,,
",","('O', 'O')",O,O,,,
dat,"('O', 'O')",O,O,,,
van,"('O', 'O')",O,O,,,
de,"('O', 'O')",O,O,,,
2,"('O', 'O')",O,O,,,
bodems,"('O', 'O')",O,O,,,
ƒ,"('O', 'O')",O,O,,,
297489,"('O', 'O')",O,O,,,
.,"('O', 'O')",O,O,,,
5,"('O', 'O')",O,O,,,
.,"('O', 'O')",O,O,,,
8,"('O', 'O')",O,O,,,
",","('O', 'O')",O,O,,,
en,"('O', 'O')",O,O,,,
de,"('O', 'O')",O,O,,,
vier,"('O', 'O')",O,O,,,
te,"('O', 'O')",O,O,,,
samen,"('O', 'O')",O,O,,,
ƒ,"('O', 'O')",O,O,,,
795147,"('O', 'O')",O,O,,,
.,"('O', 'O')",O,O,,,
6,"('O', 'O')",O,O,,,
.,"('O', 'O')",O,O,,,
8,"('O', 'O')",O,O,,,
.,"('O', 'O')",O,O,,,
\n,\n,\n,\n,,,
Gamron,"('O', 'O')",O,O,,,
Aan,"('O', 'O')",O,O,,,
d,"('O', 'O')",O,O,,,
,"('O', 'O')",O,O,,,
Edele,"('O', 'O')",O,O,,,
Heer,"('O', 'O')",O,O,,,
Willem,"('O', 'O')",O,O,,,
backer,"('O', 'O')",O,O,,,
Jacobsz,"('O', 'O')",O,O,,,
",","('O', 'O')",O,O,,,
directeur,"('O', 'O')",O,O,,,
over,"('O', 'O')",O,O,,,
s,"('O', 'O')",O,O,,,
Comp,"('O', 'O')",O,O,,,
„,"('O', 'O')",O,O,,,
s,"('O', 'O')",O,O,,,
aansienlijkke,"('O', 'O')",O,O,,,
belangen,"('O', 'O')",O,O,,,
in,"('O', 'O')",O,O,,,
t,"('O', 'O')",O,O,,,
Rijk,"('O', 'O')",O,O,,,
van,"('O', 'O')",O,O,,,
Persia,"('O', 'O')",O,O,,,
",","('O', 'O')",O,O,,,
mitsg,"('O', 'O')",O,O,,,
„,"('O', 'O')",O,O,,,
s,"('O', 'O')",O,O,,,
den,"('O', 'O')",O,O,,,
Raad,"('O', 'O')",O,O,,,
.,"('O', 'O')",O,O,,,
\n,\n,\n,\n,,,
Bij,"('O', 'O')",O,O,,,
ons,"('O', 'O')",O,O,,,
Laetst,"('O', 'O')",O,O,,,
gedienstig,"('O', 'O')",O,O,,,
schrijvens,"('O', 'O')",O,O,,,
van,"('O', 'O')",O,O,,,
den,"('O', 'O')",O,O,,,
19,"('O', 'O')",O,O,,,
„,"('O', 'O')",O,O,,,
,"('O', 'O')",O,O,,,
der,"('O', 'O')",O,O,,,
verweeken,"('O', 'O')",O,O,,,
maand,"('O', 'O')",O,O,,,
9b,"('O', 'O')",O,O,,,
:,"('O', 'O')",O,O,,,
copielyk,"('O', 'O')",O,O,,,
neevens,"('O', 'O')",O,O,,,
desen,"('O', 'O')",O,O,,,
Leggende,"('B-BeingAtAPlace', 'O')","('B-BeingAtAPlace', 'O')",B-BeingAtAPlace,M,,
",","('O', 'O')",O,O,,,
\n,\n,\n,\n,,,
_,"('O', 'O')",O,O,,,
„,"('O', 'O')",O,O,,,
te,"('O', 'O')",O,O,,,
Edele,"('O', 'O')",O,O,,,
",","('O', 'O')",O,O,,,
Erntfeste,"('O', 'O')",O,O,,,
",","('O', 'O')",O,O,,,
manh=,"('O', 'O')",O,O,,,
Wel,"('O', 'O')",O,O,,,
wijse,"('O', 'O')",O,O,,,
:/,"('O', 'O')",O,O,,,
voorsienige,"('O', 'O')",O,O,,,
",","('O', 'O')",O,O,,,
en,"('O', 'O')",O,O,,,
seer,"('O', 'O')",O,O,,,
Genereuse,"('O', 'O')",O,O,,,
Heer,"('O', 'O')",O,O,,,
\n,\n,\n,\n,,,